variable,count,mean,std,min,25%,50%,75%,max,original
dummy1,1000.0,-0.0004525685236509177,0.01098072699252347,-0.032735340638494,-0.00804177021449075,-0.0002642817175271,0.007406517472991425,0.0336465700392558,-0.0010163293342984
dummy2,1000.0,-0.00035847966702203215,0.011288380124131898,-0.0324446639832345,-0.007815062960286726,-0.00083341528477375,0.00746726911112455,0.0331931913034395,0.0064150529271351
x1,1000.0,0.019531144923630145,3.0273902190516297,-9.223894757636904,-2.0447009778618135,0.04367130325595585,1.9703033788600266,28.204599065681457,28.204599065681457
x2,1000.0,-0.028936279190942996,8.189696341510368,-23.05490046999168,-5.33268881903207,-0.08003893712318885,5.460281459395582,75.05104200393748,75.05104200393748
x3,1000.0,-0.04925340731615079,1.8694642633664564,-5.328411267487638,-1.3117252960607713,-0.036694954212737246,1.1458746001431637,17.7553890630901,17.7553890630901
